owner_id,owner_name,owner_phone,owner_email
1,POPA ANCA,771409178,POPA.ANCA@gmail.com
2,POPESCU ANGELA ,782276465,POPESCU.ANGELA @gmail.com
3,POP BOGDANA,777634090,POP.BOGDANA@gmail.com
4,RADU BOGDAN,792741553,RADU.BOGDAN@gmail.com
5,IONESCU BRANDUSA,771940802,IONESCU.BRANDUSA@gmail.com
6,DUMITRU CAMELIA,730246949,DUMITRU.CAMELIA@gmail.com
7,STOICA CEZARA,729203251,STOICA.CEZARA@gmail.com
8,STAN ADELINA,773607920,STAN.ADELINA@gmail.com
9,GHEORGHE ADRIANA,761799801,GHEORGHE.ADRIANA@gmail.com
10,RUSU ADINA,727734583,RUSU.ADINA@gmail.com
11,MUNTEANU AFINA,792814143,MUNTEANU.AFINA@gmail.com
12,MATEI ALEXANDRA,745038439,MATEI.ALEXANDRA@gmail.com
13,CONSTANTIN ALICE,779487245,CONSTANTIN.ALICE@gmail.com
14,SERBAN ALINA,729188627,SERBAN.ALINA@gmail.com
15,MARIN AMELIA,734190041,MARIN.AMELIA@gmail.com
16,MIHAI ANA,745330233,MIHAI.ANA@gmail.com
17,STEFAN ANASTASIA,765715167,STEFAN.ANASTASIA@gmail.com
18,LAZAR ANAMARIE,743637495,LAZAR.ANAMARIE@gmail.com
19,MOLDOVAN ANCA,778924359,MOLDOVAN.ANCA@gmail.com
20,VASILE ANDREEA,776661672,VASILE.ANDREEA@gmail.com
21,TOMA ANGELA,751767030,TOMA.ANGELA@gmail.com
22,CIOBANU ANITA,762133160,CIOBANU.ANITA@gmail.com
23,FLOREA ATANASIA,734172907,FLOREA.ATANASIA@gmail.com
24,ILIE ANTOANETA,714245928,ILIE.ANTOANETA@gmail.com
25,STANCIU ARABELA,782197358,STANCIU.ARABELA@gmail.com
26,OPREA AUGUSTINA,774790172,OPREA.AUGUSTINA@gmail.com
27,TUDOR AURELIA,766518849,TUDOR.AURELIA@gmail.com
28,DUMITRESCU CAMELIA,768075044,DUMITRESCU.CAMELIA@gmail.com
29,DINU CARINA,786586136,DINU.CARINA@gmail.com
30,CRISTEA CARLA,746272394,CRISTEA.CARLA@gmail.com
31,ANDREI CARMEN,715047078,ANDREI.CARMEN@gmail.com
32,IONITA CATALINA,766244637,IONITA.CATALINA@gmail.com
33,ANGHEL CECILIA,706500199,ANGHEL.CECILIA@gmail.com
34,MURESAN CELIA,795273177,MURESAN.CELIA@gmail.com
35,NEAGU CIPRIANA,741601142,NEAGU.CIPRIANA@gmail.com
36,BARBU CLARA,700321037,BARBU.CLARA@gmail.com
37,SANDU CLAUDIA,725471558,SANDU.CLAUDIA@gmail.com
38,ION CINDY,746642511,ION.CINDY@gmail.com
39,UNGUREANU CONSTANTA,785760160,UNGUREANU.CONSTANTA@gmail.com
40,DRAGOMIR CORINA,733808944,DRAGOMIR.CORINA@gmail.com
41,VLAD CORNELIA,732832536,VLAD.CORNELIA@gmail.com
42,GEORGESCU COSTELA,722336396,GEORGESCU.COSTELA@gmail.com
43,CONSTANTINESCU CONSUELO,716544783,CONSTANTINESCU.CONSUELO@gmail.com
44,NAGY CRIN,770883126,NAGY.CRIN@gmail.com
45,CRACIUN CRISTINA,771528968,CRACIUN.CRISTINA@gmail.com
46,COJOCARU ILEANA,747986128,COJOCARU.ILEANA@gmail.com
47,MOCANU ILINCA,794207873,MOCANU.ILINCA@gmail.com
48,TANASE INA,708168489,TANASE.INA@gmail.com
49,IORDACHE IOANA,705990564,IORDACHE.IOANA@gmail.com
50,ENACHE IONA,778976409,ENACHE.IONA@gmail.com
51,GRIGORE IONELA,782776094,GRIGORE.IONELA@gmail.com
52,PETRE IOLANTA,721431242,PETRE.IOLANTA@gmail.com
53,VOICU IRINA,742308044,VOICU.IRINA@gmail.com
54,LUPU IRMA,756150088,LUPU.IRMA@gmail.com
55,BALAN IULIA,799307077,BALAN.IULIA@gmail.com
56,DOBRE IUSTINA,753417637,DOBRE.IUSTINA@gmail.com
57,NICOLAE IVONA,729194071,NICOLAE.IVONA@gmail.com
58,BADEA IZABELA,718660894,BADEA.IZABELA@gmail.com
59,COMAN LACRAMIORA,733087427,COMAN.LACRAMIORA@gmail.com
60,IVAN LAURA,785551688,IVAN.LAURA@gmail.com
61,ROMAN LAURENTIA,710517338,ROMAN.LAURENTIA@gmail.com
62,SZABO LAVINIA,751846131,SZABO.LAVINIA@gmail.com
63,RADULESCU LETITIA,761418526,RADULESCU.LETITIA@gmail.com
64,LUNGU LIA,755763139,LUNGU.LIA@gmail.com
65,IANCU LIDIA,717888307,IANCU.LIDIA@gmail.com
66,ENE LILIANA,781656612,ENE.LILIANA@gmail.com
67,MANEA LINA,744701487,MANEA.LINA@gmail.com
68,PREDA LIVIA,777995495,PREDA.LIVIA@gmail.com
69,DAVID LIZA,726435780,DAVID.LIZA@gmail.com
70,BUCUR LORI,757307788,BUCUR.LORI@gmail.com
71,MARINESCU LUIZA,744965726,MARINESCU.LUIZA@gmail.com
72,STOIAN LUMINITA,788516771,STOIAN.LUMINITA@gmail.com
73,NISTOR MADALINA,717031229,NISTOR.MADALINA@gmail.com
74,IACOB MARA,753095251,IACOB.MARA@gmail.com
75,PAVEL MARGARETA,730604272,PAVEL.MARGARETA@gmail.com
76,FILIP MARIA,775366456,FILIP.MARIA@gmail.com
77,AVRAM MARIANA,751722295,AVRAM.MARIANA@gmail.com
78,DRAGAN MARIETTA,785589155,DRAGAN.MARIETTA@gmail.com
79,SUCIU MARTA,767331471,SUCIU.MARTA@gmail.com
80,OLTEANU MATILDA,762161726,OLTEANU.MATILDA@gmail.com
81,PETRESCU MELANIA,730543787,PETRESCU.MELANIA@gmail.com
82,RUS MEDE,739290212,RUS.MEDE@gmail.com
83,SIMION MELIA,771080311,SIMION.MELIA@gmail.com
84,COSTEA MELISA ,707738360,COSTEA.MELISA @gmail.com
85,MARCU MEREDITH,744767853,MARCU.MEREDITH@gmail.com
86,CRISAN MIHAELA,731868836,CRISAN.MIHAELA@gmail.com
87,LUCA MIRELA,733689830,LUCA.MIRELA@gmail.com
88,ROSU MINERVA,796010946,ROSU.MINERVA@gmail.com
89,NITA MIRABELLA,797108381,NITA.MIRABELLA@gmail.com
90,KOVACS MONICA,702130905,KOVACS.MONICA@gmail.com
91,DIACONU MORANA,758861694,DIACONU.MORANA@gmail.com
92,ROTARU CALIN,708612876,ROTARU.CALIN@gmail.com
93,BOGDAN CATALIN,740983524,BOGDAN.CATALIN@gmail.com
94,MUNTEAN CAROL,715948120,MUNTEAN.CAROL@gmail.com
95,NEDELCU CEZAR,786969876,NEDELCU.CEZAR@gmail.com
96,DAN CIPRIAN,706861205,DAN.CIPRIAN@gmail.com
97,CRETU CLAUDIU,796483282,CRETU.CLAUDIU@gmail.com
98,CALIN CONSTANTIN,774141403,CALIN.CONSTANTIN@gmail.com
99,ZAHARIA CORNEL,751916459,ZAHARIA.CORNEL@gmail.com
100,STANESCU COSMIN,732661259,STANESCU.COSMIN@gmail.com
101,COSTACHE COSTEL,771518810,COSTACHE.COSTEL@gmail.com
102,POPOVICI COSTI,704385421,POPOVICI.COSTI@gmail.com
103,STANCU COSTIN,725092200,STANCU.COSTIN@gmail.com
104,BACIU CRISTIAN,713253054,BACIU.CRISTIAN@gmail.com
105,ALEXANDRU CRISTINEL,741115534,ALEXANDRU.CRISTINEL@gmail.com
106,STEFANESCU IACOB,714102877,STEFANESCU.IACOB@gmail.com
107,GHITA IOAN,725399241,GHITA.IOAN@gmail.com
108,ALBU ION,759239601,ALBU.ION@gmail.com
109,TEODORESCU IONACHE,791842167,TEODORESCU.IONACHE@gmail.com
110,NEACSU IONEL,793270343,NEACSU.IONEL@gmail.com
111,MORARU IONUT,759585869,MORARU.IONUT@gmail.com
112,PAUN IULIAN,787302766,PAUN.IULIAN@gmail.com
113,ANTON IUSTIN,760793485,ANTON.IUSTIN@gmail.com
114,ROSCA ABEL,730635092,ROSCA.ABEL@gmail.com
115,PARASCHIV ADI,709230278,PARASCHIV.ADI@gmail.com
116,TOADER ADRIAN,730336203,TOADER.ADRIAN@gmail.com
117,NICA ALEXANDRU,727801205,NICA.ALEXANDRU@gmail.com
118,DRAGHICI ALIN,712772374,DRAGHICI.ALIN@gmail.com
119,NITU ANATOLIE,783167457,NITU.ANATOLIE@gmail.com
120,PASCU ANDREI,733685955,PASCU.ANDREI@gmail.com
121,ARDELEAN ANDRONIC,778344801,ARDELEAN.ANDRONIC@gmail.com
122,OLARU ANTO,750660811,OLARU.ANTO@gmail.com
123,DIMA AUREL,750890822,DIMA.AUREL@gmail.com
124,ZAMFIR ANCA,738734779,ZAMFIR.ANCA@gmail.com
125,NASTASE ANGELA ,711995917,NASTASE.ANGELA @gmail.com
126,VARGA BOGDANA,713945369,VARGA.BOGDANA@gmail.com
127,DAMIAN BOGDAN,723193440,DAMIAN.BOGDAN@gmail.com
128,MIHALACHE BRANDUSA,750525460,MIHALACHE.BRANDUSA@gmail.com
129,DINCA CAMELIA,757345776,DINCA.CAMELIA@gmail.com
130,DUMITRACHE CEZARA,731572215,DUMITRACHE.CEZARA@gmail.com
131,SAVA ADELINA,723123990,SAVA.ADELINA@gmail.com
132,MOISE ADRIANA,743458727,MOISE.ADRIANA@gmail.com
133,CHIRIAC ADINA,781653144,CHIRIAC.ADINA@gmail.com
134,MIHAILA AFINA,798410452,MIHAILA.AFINA@gmail.com
135,MIRON ALEXANDRA,737073402,MIRON.ALEXANDRA@gmail.com
136,APOSTOL ALICE,712729818,APOSTOL.ALICE@gmail.com
137,PETCU ALINA,751841569,PETCU.ALINA@gmail.com
138,NICULESCU AMELIA,773483030,NICULESCU.AMELIA@gmail.com
139,SIRBU ANA,712375619,SIRBU.ANA@gmail.com
140,BRATU ANASTASIA,713412427,BRATU.ANASTASIA@gmail.com
141,ISTRATE ANAMARIE,702183575,ISTRATE.ANAMARIE@gmail.com
142,ILIESCU ANCA,765154248,ILIESCU.ANCA@gmail.com
143,MICU ANDREEA,721829800,MICU.ANDREEA@gmail.com
144,VASILESCU ANGELA,741902944,VASILESCU.ANGELA@gmail.com
145,OANCEA ANITA,707101634,OANCEA.ANITA@gmail.com
146,FARCAS ATANASIA,771320755,FARCAS.ATANASIA@gmail.com
147,CHIRILA ANTOANETA,737747688,CHIRILA.ANTOANETA@gmail.com
148,KISS ARABELA,710748468,KISS.ARABELA@gmail.com
149,CROITORU AUGUSTINA,777500329,CROITORU.AUGUSTINA@gmail.com
150,FLORESCU AURELIA,712034308,FLORESCU.AURELIA@gmail.com
151,GAVRILA CAMELIA,781150519,GAVRILA.CAMELIA@gmail.com
152,GHEORGHIU CARINA,757312062,GHEORGHIU.CARINA@gmail.com
153,SOARE CARLA,782697881,SOARE.CARLA@gmail.com
154,MANOLE CARMEN,742354694,MANOLE.CARMEN@gmail.com
155,SAVU CATALINA,751134715,SAVU.CATALINA@gmail.com
156,VISAN CECILIA,718601123,VISAN.CECILIA@gmail.com
157,DUMITRASCU CELIA,725154489,DUMITRASCU.CELIA@gmail.com
158,STROE CIPRIANA,718544908,STROE.CIPRIANA@gmail.com
159,URSU CLARA,725505095,URSU.CLARA@gmail.com
160,TAMAS CLAUDIA,766346799,TAMAS.CLAUDIA@gmail.com
161,MUSAT CINDY,738999832,MUSAT.CINDY@gmail.com
162,MARIAN CONSTANTA,719146403,MARIAN.CONSTANTA@gmail.com
163,BALINT CORINA,713431854,BALINT.CORINA@gmail.com
164,SIMON CORNELIA,785081113,SIMON.CORNELIA@gmail.com
165,MOLNAR COSTELA,758299612,MOLNAR.COSTELA@gmail.com
166,NICULAE CONSUELO,713580733,NICULAE.CONSUELO@gmail.com
167,PATRASCU CRIN,754249432,PATRASCU.CRIN@gmail.com
168,PANA CRISTINA,772714960,PANA.CRISTINA@gmail.com
169,IGNAT ILEANA,749281878,IGNAT.ILEANA@gmail.com
170,TOTH ILINCA,721986743,TOTH.ILINCA@gmail.com
171,COSMA INA,707224239,COSMA.INA@gmail.com
172,TUDORACHE IOANA,755692391,TUDORACHE.IOANA@gmail.com
173,GRECU IONA,752263852,GRECU.IONA@gmail.com
174,DASCALU IONELA,735167432,DASCALU.IONELA@gmail.com
175,GROSU IOLANTA,761392689,GROSU.IOLANTA@gmail.com
176,CHIRITA IRINA,736709243,CHIRITA.IRINA@gmail.com
177,COZMA IRMA,799911457,COZMA.IRMA@gmail.com
178,OLTEAN IULIA,708840515,OLTEAN.IULIA@gmail.com
179,MIHAILESCU IUSTINA,706770684,MIHAILESCU.IUSTINA@gmail.com
180,MORAR IVONA,766560251,MORAR.IVONA@gmail.com
181,MOLDOVEANU IZABELA,768881318,MOLDOVEANU.IZABELA@gmail.com
182,SIMA LACRAMIORA,765153600,SIMA.LACRAMIORA@gmail.com
183,PANAIT LAURA,729988499,PANAIT.LAURA@gmail.com
184,VOINEA LAURENTIA,793590259,VOINEA.LAURENTIA@gmail.com
185,CIOCAN LAVINIA,768261083,CIOCAN.LAVINIA@gmail.com
186,IRIMIA LETITIA,795595535,IRIMIA.LETITIA@gmail.com
187,MANOLACHE LIA,785483866,MANOLACHE.LIA@gmail.com
188,NECULA LIDIA,760291705,NECULA.LIDIA@gmail.com
189,PIRVU LILIANA,733056449,PIRVU.LILIANA@gmail.com
190,ADAM LINA,723011427,ADAM.LINA@gmail.com
191,BURLACU LIVIA,781842023,BURLACU.LIVIA@gmail.com
192,DANCIU LIZA,758993707,DANCIU.LIZA@gmail.com
193,SZEKELY LORI,785956252,SZEKELY.LORI@gmail.com
194,TURCU LUIZA,745997073,TURCU.LUIZA@gmail.com
195,DANILA LUMINITA,754552261,DANILA.LUMINITA@gmail.com
196,GRIGORAS MADALINA,755916011,GRIGORAS.MADALINA@gmail.com
197,SABAU MARA,727035703,SABAU.MARA@gmail.com
198,TUDOSE MARGARETA,759292846,TUDOSE.MARGARETA@gmail.com
199,MARGINEAN MARIA,778447558,MARGINEAN.MARIA@gmail.com
200,NICOLESCU MARIANA,717571275,NICOLESCU.MARIANA@gmail.com
201,CAZACU MARIETTA,764202228,CAZACU.MARIETTA@gmail.com
202,ALEXE MARTA,750730862,ALEXE.MARTA@gmail.com
203,SZASZ MATILDA,731259754,SZASZ.MATILDA@gmail.com
204,ALDEA MELANIA,780783058,ALDEA.MELANIA@gmail.com
205,MAXIM MEDE,723231806,MAXIM.MEDE@gmail.com
206,NEGRU MELIA,757387377,NEGRU.MELIA@gmail.com
207,GABOR MELISA ,794716416,GABOR.MELISA @gmail.com
208,DIACONESCU MEREDITH,737785904,DIACONESCU.MEREDITH@gmail.com
209,MIHALCEA MIHAELA,748596943,MIHALCEA.MIHAELA@gmail.com
210,TRANDAFIR MIRELA,769492344,TRANDAFIR.MIRELA@gmail.com
211,DUTA MINERVA,770093891,DUTA.MINERVA@gmail.com
212,COSTIN MIRABELLA,783702794,COSTIN.MIRABELLA@gmail.com
213,CUCU MONICA,797099382,CUCU.MONICA@gmail.com
214,MILITARU MORANA,775586050,MILITARU.MORANA@gmail.com
215,DOGARU CALIN,759928043,DOGARU.CALIN@gmail.com
216,MIRCEA CATALIN,759105072,MIRCEA.CATALIN@gmail.com
217,VASILIU CAROL,784768343,VASILIU.CAROL@gmail.com
218,MACOVEI CEZAR,702364841,MACOVEI.CEZAR@gmail.com
219,CHIS CIPRIAN,782262453,CHIS.CIPRIAN@gmail.com
220,DOBRESCU CLAUDIU,718148378,DOBRESCU.CLAUDIU@gmail.com
221,GHERMAN CONSTANTIN,745763580,GHERMAN.CONSTANTIN@gmail.com
222,TOMESCU CORNEL,760679739,TOMESCU.CORNEL@gmail.com
223,NEGREA COSMIN,745612289,NEGREA.COSMIN@gmail.com
224,NEGOITA COSTEL,784382797,NEGOITA.COSTEL@gmail.com
225,PADURARU COSTI,741984788,PADURARU.COSTI@gmail.com
226,BOTA COSTIN,774953612,BOTA.COSTIN@gmail.com
227,GROZA CRISTIAN,749786998,GROZA.CRISTIAN@gmail.com
228,GAL CRISTINEL,766656688,GAL.CRISTINEL@gmail.com
229,ALEXANDRESCU IACOB,726589646,ALEXANDRESCU.IACOB@gmail.com
230,CATANA IOAN,718035348,CATANA.IOAN@gmail.com
231,GRIGORESCU ION,742044534,GRIGORESCU.ION@gmail.com
232,ISPAS IONACHE,768612491,ISPAS.IONACHE@gmail.com
233,NICOARA IONEL,752517985,NICOARA.IONEL@gmail.com
234,BLAGA IONUT,742138956,BLAGA.IONUT@gmail.com
235,BEJAN IULIAN,773138400,BEJAN.IULIAN@gmail.com
236,FODOR IUSTIN,723252969,FODOR.IUSTIN@gmail.com
237,NEAGOE ABEL,745662071,NEAGOE.ABEL@gmail.com
238,DRAGOI ADI,737113269,DRAGOI.ADI@gmail.com
239,BANU ADRIAN,768640113,BANU.ADRIAN@gmail.com
240,PINTILIE ALEXANDRU,728130809,PINTILIE.ALEXANDRU@gmail.com
241,PINTEA ALIN,725298492,PINTEA.ALIN@gmail.com
242,VADUVA ANATOLIE,750248821,VADUVA.ANATOLIE@gmail.com
243,MATEESCU ANDREI,764586521,MATEESCU.ANDREI@gmail.com
244,CRISTESCU ANDRONIC,761743272,CRISTESCU.ANDRONIC@gmail.com
245,MIREA ANTO,795629165,MIREA.ANTO@gmail.com
246,TRIF AUREL,738573513,TRIF.AUREL@gmail.com
247,SARBU ANCA,735963480,SARBU.ANCA@gmail.com
248,PASCA ANGELA ,742939433,PASCA.ANGELA @gmail.com
249,PUIU BOGDANA,793515659,PUIU.BOGDANA@gmail.com
250,IORGA BOGDAN,735994354,IORGA.BOGDAN@gmail.com
251,TATARU BRANDUSA,720166115,TATARU.BRANDUSA@gmail.com
252,MOGA CAMELIA,750686340,MOGA.CAMELIA@gmail.com
253,NECHITA CEZARA,724181786,NECHITA.CEZARA@gmail.com
254,BODEA ADELINA,761301696,BODEA.ADELINA@gmail.com
255,SOLOMON ADRIANA,712692631,SOLOMON.ADRIANA@gmail.com
256,BARBULESCU ADINA,741937605,BARBULESCU.ADINA@gmail.com
257,TRIFAN AFINA,752573781,TRIFAN.AFINA@gmail.com
258,OLARIU ALEXANDRA,724598699,OLARIU.ALEXANDRA@gmail.com
259,PRODAN ALICE,766158406,PRODAN.ALICE@gmail.com
260,MAN ALINA,737457582,MAN.ALINA@gmail.com
261,SANDOR AMELIA,722749657,SANDOR.AMELIA@gmail.com
262,VINTILA ANA,709710314,VINTILA.ANA@gmail.com
263,ANTAL ANASTASIA,779134700,ANTAL.ANASTASIA@gmail.com
264,CORNEA ANAMARIE,744510437,CORNEA.ANAMARIE@gmail.com
265,FRATILA ANCA,744749458,FRATILA.ANCA@gmail.com
266,MARTIN ANDREEA,734256589,MARTIN.ANDREEA@gmail.com
267,ICHIM ANGELA,727460538,ICHIM.ANGELA@gmail.com
268,GHEORGHITA ANITA,743570095,GHEORGHITA.ANITA@gmail.com
269,GIURGIU ATANASIA,716332249,GIURGIU.ATANASIA@gmail.com
270,IOSIF ANTOANETA,701942514,IOSIF.ANTOANETA@gmail.com
271,NEAMTU ARABELA,768654121,NEAMTU.ARABELA@gmail.com
272,PETER AUGUSTINA,791583450,PETER.AUGUSTINA@gmail.com
273,VERES AURELIA,736646970,VERES.AURELIA@gmail.com
274,BANICA CAMELIA,794046733,BANICA.CAMELIA@gmail.com
275,NEMES CARINA,739152713,NEMES.CARINA@gmail.com
276,BUNEA CARLA,709773844,BUNEA.CARLA@gmail.com
277,ACHIM CARMEN,760612771,ACHIM.CARMEN@gmail.com
278,STAICU CATALINA,783266205,STAICU.CATALINA@gmail.com
279,DUMITRIU CECILIA,728263007,DUMITRIU.CECILIA@gmail.com
280,BOBOC CELIA,723778855,BOBOC.CELIA@gmail.com
281,BOTEZATU CIPRIANA,792935487,BOTEZATU.CIPRIANA@gmail.com
282,MAFTEI CLARA,710237118,MAFTEI.CLARA@gmail.com
283,PETREA CLAUDIA,790800448,PETREA.CLAUDIA@gmail.com
284,GANEA CINDY,789619627,GANEA.CINDY@gmail.com
285,RADOI CONSTANTA,766875461,RADOI.CONSTANTA@gmail.com
286,PARVU CORINA,716336201,PARVU.CORINA@gmail.com
287,SIMIONESCU CORNELIA,710633904,SIMIONESCU.CORNELIA@gmail.com
288,OPRIS COSTELA,708244569,OPRIS.COSTELA@gmail.com
289,COVACI CONSUELO,704776531,COVACI.CONSUELO@gmail.com
290,IVASCU CRIN,735759344,IVASCU.CRIN@gmail.com
291,MAZILU CRISTINA,722039139,MAZILU.CRISTINA@gmail.com
292,MILEA ILEANA,762290293,MILEA.ILEANA@gmail.com
293,CHIVU ILINCA,768894985,CHIVU.ILINCA@gmail.com
294,BIRO INA,764795649,BIRO.INA@gmail.com
295,HORVATH IOANA,752732779,HORVATH.IOANA@gmail.com
296,MIU IONA,766883040,MIU.IONA@gmail.com
297,ALEXA IONELA,791638872,ALEXA.IONELA@gmail.com
298,ARDELEANU IOLANTA,725866511,ARDELEANU.IOLANTA@gmail.com
299,BUDA IRINA,780478142,BUDA.IRINA@gmail.com
300,SZILAGYI IRMA,792637869,SZILAGYI.IRMA@gmail.com
